run,accuracy,macro_f1,n
base_plain,0.375,0.36229254653792825,200
base_mono,0.41,0.39127858134268384,200
finetuned_mono,0.345,0.17100371747211895,200
